Companies,Company Sectors,Company Headquarters,Countries,Regions,Response Sectors,Backdate,Title,Responded To,Tags,Responded,Authors,URL,Link to Company Page
Morgan Stanley,Finance & banking,US,GO,,,2015-01-15,Morgan Stanley did not respond,BankTrack report finds banks not yet living up to human rights obligations under UN Guiding Principles,Company Policies,No,,https://www.business-humanrights.org/en/latest-news/morgan-stanley-did-not-respond/,https://www.business-humanrights.org/en/companies/morgan-stanley/
Primark (part of Associated British Foods),Clothing & textile|Footwear,GB,GO|MM,,,2020-11-23,Primark's response re. wages in supply chain,Myanmar: Primark responds to reports of 2000+ workers owed wages following factory closure,Covid-19|Living Wage,Yes,,https://www.business-humanrights.org/en/latest-news/primarks-response-re-wages-in-supply-chain/,https://www.business-humanrights.org/en/companies/primark-part-of-associated-british-foods/
Deloitte Touche Tohmatsu,"Auditing, consulting & accounting",GB,GO,,,2021-01-25,Deloitte LLP's response re. Arcadia Group administration,Arcadia Group apparel suppliers call on administrators Deloitte LLP to ensure all payments owed for orders are fulfilled,Covid-19|Supply Chains,Yes,,https://www.business-humanrights.org/en/latest-news/deloitte-llps-response-re-arcadia-group-administration/,https://www.business-humanrights.org/en/companies/deloitte-touche-tohmatsu/
Nespresso (part of Nestlé),Coffee,CH,GO,,Coffee,2021-10-22,Réponse de Nespresso au rapport du CCFD-Terre Solidaire sur le mécanisme de compensation carbone,"Un rapport dénonce les mécanismes de compensation carbone d'Air France, Nespresso et Total ; avec les réponses des entreprises","Clean, Healthy & Sustainable Environment|Climate Crisis|Company Policies|Supply Chains",Yes,Nespresso France,https://www.business-humanrights.org/en/latest-news/réponse-de-nespresso-au-rapport-du-ccfd-terre-solidaire-sur-le-mécanisme-de-compensation-carbone/,https://www.business-humanrights.org/en/companies/nespresso-part-of-nestlé/
TotalEnergies (formerly Total),"Energy|Hydrogen|Oil, gas & coal",FR,GO,,"Oil, gas & coal",2021-10-26,"Réponse de TotalEnergies au rapport ""Compensation carbone : tout sauf neutre !"" de CCFD-Terre Solidaire","Un rapport dénonce les mécanismes de compensation carbone d'Air France, Nespresso et Total ; avec les réponses des entreprises",Climate Crisis,Yes,TotalEnergies,https://www.business-humanrights.org/en/latest-news/réponse-de-totalenergies-au-rapport-compensation-carbone-tout-sauf-neutre-de-ccfd-terre-solidaire/,https://www.business-humanrights.org/en/companies/totalenergies-formerly-total/
Air France KLM,Aircraft/Airline,FR,GO,,Aircraft/Airline,2021-10-25,Air France n'a pas répondu aux allégations du rapport du CCFD-Terre Solidaire,"Un rapport dénonce les mécanismes de compensation carbone d'Air France, Nespresso et Total ; avec les réponses des entreprises",Climate Crisis,No,,https://www.business-humanrights.org/en/latest-news/air-france-na-pas-répondu-aux-allégations-du-rapport-du-ccfd-terre-solidaire/,https://www.business-humanrights.org/en/companies/air-france-klm/
Webuild,Construction,IT,GO,,,2021-12-14,WeBuild's response,WeBuild responds to article analysing alleged controversies related to 38 hydropower projects,Company Reporting,Yes,,https://www.business-humanrights.org/en/latest-news/webuilds-response/,https://www.business-humanrights.org/en/companies/salini-impregilo/
Allianz,Insurance,DE,GO,,,2022-06-21,Response by Allianz,Germany: Report alleges financial institutions continue relationships with companies that have a record of human rights and environmental abuse,Project financing & loans,Yes,,https://www.business-humanrights.org/en/latest-news/response-by-allianz-2/,https://www.business-humanrights.org/en/companies/allianz/
Hennes & Mauritz (H&M),Clothing & textile,SE,GO,,,2022-09-21,H&M's response to BHRRC report on freedom of association in garment supply chains,,Freedom of Association,Yes,,https://www.business-humanrights.org/en/latest-news/hm-response-to-bhrrc-report-on-freedom-of-association-in-garment-supply-chains/,https://www.business-humanrights.org/en/companies/hennes-mauritz-hm/
adidas,Clothing & textile|Footwear|Retail|Sporting goods,DE,GO,,,2022-09-23,adidas' response to BHRRC report on freedom of association in garment supply chains,"Asia: Brand, retailer and supplier responses to BHRRC report on freedom of association in garment supply chains",Freedom of Association,Yes,,https://www.business-humanrights.org/en/latest-news/adidas-response-to-bhrrc-report-on-freedom-of-association-in-garment-supply-chains/,https://www.business-humanrights.org/en/companies/adidas/
ASDA,Clothing & textile|Footwear|Supermarkets & grocery,GB,GO,,,2022-09-23,Asda's response to BHRRC report on freedom of association in garment supply chains,,Freedom of Association,Yes,,https://www.business-humanrights.org/en/latest-news/asdas-response-to-bhrrc-report-on-freedom-of-association-in-garment-supply-chains/,https://www.business-humanrights.org/en/companies/asda/
Benetton Group,Clothing & textile|Footwear,IT,GO,,,2022-09-26,Benetton Group's response to BHRRC report on freedom of association in garment supply chains,,Freedom of Association,Yes,,https://www.business-humanrights.org/en/latest-news/benetton-groups-response-to-bhrrc-report-on-freedom-of-association-in-garment-supply-chains/,https://www.business-humanrights.org/en/companies/benetton-group/
Bestseller,Clothing & textile|Footwear,DK,GO,,,2022-09-26,BESTSELLER's response to BHRRC report on freedom of association in garment supply chains,,Freedom of Association,Yes,,https://www.business-humanrights.org/en/latest-news/bestsellers-response-to-bhrrc-report-on-freedom-of-association-in-garment-supply-chains/,https://www.business-humanrights.org/en/companies/bestseller/
C&A,Clothing & textile|Footwear,DE,GO,,,2022-09-23,C&A's response to BHRRC report on freedom of association in garment supply chains,,Freedom of Association,Yes,,https://www.business-humanrights.org/en/latest-news/cas-response-to-bhrrc-report-on-freedom-of-association-in-garment-supply-chains/,https://www.business-humanrights.org/en/companies/ca/
Etam Groupe,Clothing & textile,FR,GO,,,2022-09-23,ETAM's non-response to BHRRC report on freedom of association in garment supply chains,,Freedom of Association,No,,https://www.business-humanrights.org/en/latest-news/etams-response-to-bhrrc-report-on-freedom-of-association-in-garment-supply-chains/,https://www.business-humanrights.org/en/companies/etam-groupe/
Hugo Boss,Clothing & textile|Footwear|Retail,DE,GO,,,2022-09-23,HUGO BOSS's response to BHRRC report on freedom of association in garment supply chains,,Freedom of Association,Yes,,https://www.business-humanrights.org/en/latest-news/hugo-bosss-response-to-bhrrc-report-on-freedom-of-association-in-garment-supply-chains/,https://www.business-humanrights.org/en/companies/hugo-boss/
J.Crew,Clothing & textile,US,GO,,,2022-09-27,J.Crew's response to BHRRC report on freedom of association in garment supply chains,,Freedom of Association,Yes,,https://www.business-humanrights.org/en/latest-news/jcrews-response-to-bhrrc-report-on-freedom-of-association-in-garment-supply-chains/,https://www.business-humanrights.org/en/companies/jcrew/
Mango,Clothing & textile,ES,GO,,,2022-09-23,Mango's non-response to BHRRC report on freedom of association in garment supply chains,,Freedom of Association,No,,https://www.business-humanrights.org/en/latest-news/mangos-response-to-bhrrc-report-on-freedom-of-association-in-garment-supply-chains/,https://www.business-humanrights.org/en/companies/mango/
Next,Clothing & textile,GB,GO,,,2022-09-23,Next's response to BHRRC report on freedom of association in garment supply chains,,Freedom of Association,Yes,,https://www.business-humanrights.org/en/latest-news/nexts-response-to-bhrrc-report-on-freedom-of-association-in-garment-supply-chains/,https://www.business-humanrights.org/en/companies/next/
Primark (part of Associated British Foods),Clothing & textile|Footwear,GB,GO,,,2022-09-27,Primark's response to BHRRC report on freedom of association in garment supply chains,,Freedom of Association,Yes,,https://www.business-humanrights.org/en/latest-news/primarks-response-to-bhrrc-report-on-freedom-of-association-in-garment-supply-chains/,https://www.business-humanrights.org/en/companies/primark-part-of-associated-british-foods/
Under Armour,Clothing & textile,US,GO,,,2022-09-23,Under Armour's response to BHRRC report on freedom of association in garment supply chains,,Freedom of Association,Yes,,https://www.business-humanrights.org/en/latest-news/under-armours-response-to-bhrrc-report-on-freedom-of-association-in-garment-supply-chains/,https://www.business-humanrights.org/en/companies/under-armour/
OVS SpA,Clothing & textile|Retail,IT,GO,,,2022-09-22,OVS S.p.A's response to BHRRC report on freedom of association in garment supply chains,,Freedom of Association,Yes,,https://www.business-humanrights.org/en/latest-news/ovs-spas-response-to-bhrrc-report-on-freedom-of-association-in-garment-supply-chains/,https://www.business-humanrights.org/en/companies/ovs-spa/
Sainsbury's,Clothing & textile|Supermarkets & grocery|Tea,GB,GO,,,2022-09-23,Sainsbury's response to BHRRC report on freedom of association in garment supply chains,,Freedom of Association,Yes,,https://www.business-humanrights.org/en/latest-news/sainsburys-response-to-bhrrc-report-on-freedom-of-association-in-garment-supply-chains/,https://www.business-humanrights.org/en/companies/sainsburys/
ASDA,Clothing & textile|Footwear|Supermarkets & grocery,GB,GO,,Supermarkets & grocery,2024-01-29,ASDA's response to Oxfam's analysis of supermarket HRIAs and commitments,Europe: Oxfam Intl. release analysis of supermarket impact assessments & commitments; incl. cos. responses,Human Rights and Environmental Due Diligence (HREDD)|Human rights monitoring|Purchasing practices|Supply Chains|UN Guiding Principles on Business & Human Rights (UNGPs),Yes,,https://www.business-humanrights.org/en/latest-news/asdas-response-to-oxfams-analysis-of-supermarket-hrias-and-commitments/,https://www.business-humanrights.org/en/companies/asda/
Edeka Group,Food & beverage|Supermarkets & grocery,DE,GO,,Supermarkets & grocery,2024-01-29,EDEKA's response to Oxfam's analysis of supermarket HRIAs and commitments,Europe: Oxfam Intl. release analysis of supermarket impact assessments & commitments; incl. cos. responses,Human Rights and Environmental Due Diligence (HREDD)|Human rights monitoring|Purchasing practices|Supply Chains|UN Guiding Principles on Business & Human Rights (UNGPs),Yes,,https://www.business-humanrights.org/en/latest-news/edekas-response-to-oxfams-analysis-of-supermarket-hrias-and-commitments/,https://www.business-humanrights.org/en/companies/edeka-group/
REWE Group,Retail|Supermarkets & grocery|Tourism,DE,GO,,Supermarkets & grocery,2024-01-29,REWE's response to Oxfam's analysis of supermarket HRIAs and commitments,Europe: Oxfam Intl. release analysis of supermarket impact assessments & commitments; incl. cos. responses,Human Rights and Environmental Due Diligence (HREDD)|Human rights monitoring|Purchasing practices|Supply Chains|UN Guiding Principles on Business & Human Rights (UNGPs),Yes,,https://www.business-humanrights.org/en/latest-news/rewes-response-to-oxfams-analysis-of-supermarket-hrias-and-commitments/,https://www.business-humanrights.org/en/companies/rewe-group/
ALDI Nord,Clothing & textile|Footwear|Supermarkets & grocery,DE,GO,,Supermarkets & grocery,2024-01-22,Aldi Nord response to Oxfam's analysis of supermarket HRIAs and commitments,Europe: Oxfam Intl. release analysis of supermarket impact assessments & commitments; incl. cos. responses,Human Rights and Environmental Due Diligence (HREDD)|Human rights monitoring|Purchasing practices|Supply Chains|UN Guiding Principles on Business & Human Rights (UNGPs),Yes,Aldi Nord,https://www.business-humanrights.org/en/latest-news/aldi-nord-response-to-oxfams-analysis-of-supermarket-hrias-and-commitments/,https://www.business-humanrights.org/en/companies/aldi-nord/
ALDI South,Clothing & textile|Footwear|Supermarkets & grocery,DE,GO,,Supermarkets & grocery,2024-01-22,Aldi Süd response to Oxfam's analysis of supermarket HRIAs and commitments,Europe: Oxfam Intl. release analysis of supermarket impact assessments & commitments; incl. cos. responses,Human Rights and Environmental Due Diligence (HREDD)|Human rights monitoring|Impact Assessment|Purchasing practices|Supply Chains|UN Guiding Principles on Business & Human Rights (UNGPs),Yes,Aldi Süd,https://www.business-humanrights.org/en/latest-news/aldi-süd-response-to-oxfams-analysis-of-supermarket-hrias-and-commitments/,https://www.business-humanrights.org/en/companies/aldi-süd/
Jumbo,Supermarkets & grocery,NL,GO,,Supermarkets & grocery,2024-01-22,Jumbo response to Oxfam's analysis of supermarket HRIAs and commitments,Europe: Oxfam Intl. release analysis of supermarket impact assessments & commitments; incl. cos. responses,Human Rights and Environmental Due Diligence (HREDD)|Impact Assessment|Purchasing practices|Supply Chains|UN Guiding Principles on Business & Human Rights (UNGPs),Yes,Jumbo,https://www.business-humanrights.org/en/latest-news/jumbo-response-to-oxfams-analysis-of-supermarket-hrias-and-commitments/,https://www.business-humanrights.org/en/companies/jumbo/
Lidl,Retail|Supermarkets & grocery,DE,GO,,Supermarkets & grocery,2024-01-22,Lidl response to Oxfam's analysis of supermarket HRIAs and commitments,Europe: Oxfam Intl. release analysis of supermarket impact assessments & commitments; incl. cos. responses,Human Rights and Environmental Due Diligence (HREDD)|Impact Assessment|Purchasing practices|Supply Chains|UN Guiding Principles on Business & Human Rights (UNGPs),Yes,Lidl,https://www.business-humanrights.org/en/latest-news/lidl-response-to-oxfams-analysis-of-supermarket-hrias-and-commitments/,https://www.business-humanrights.org/en/companies/lidl/
Ahold Delhaize,Retail|Supermarkets & grocery,NL,GO,,Supermarkets & grocery,2024-01-29,Ahold Delhaize response to Oxfam's analysis of supermarket HRIAs and commitments,Europe: Oxfam Intl. release analysis of supermarket impact assessments & commitments; incl. cos. responses,Human Rights and Environmental Due Diligence (HREDD)|Impact Assessment|Purchasing practices|Supply Chains|UN Guiding Principles on Business & Human Rights (UNGPs),Yes,Ahold Delhaize,https://www.business-humanrights.org/en/latest-news/ahold-delhaize-response-to-oxfams-analysis-of-supermarket-hrias-and-commitments/,https://www.business-humanrights.org/en/companies/ahold-delhaize/
Albert Heijn (part of Ahold Delhaize),Supermarkets & grocery,NL,GO,,Supermarkets & grocery,2024-01-29,Albert Heijn response to Oxfam's analysis of supermarket HRIAs and commitments,Europe: Oxfam Intl. release analysis of supermarket impact assessments & commitments; incl. cos. responses,Human Rights and Environmental Due Diligence (HREDD)|Impact Assessment|Purchasing practices|Supply Chains|UN Guiding Principles on Business & Human Rights (UNGPs),Yes,Albert Heijn,https://www.business-humanrights.org/en/latest-news/albert-heijn-response-to-oxfams-analysis-of-supermarket-hrias-and-commitments/,https://www.business-humanrights.org/en/companies/albert-heijn-part-of-ahold-delhaize/
Tesco,Supermarkets & grocery,GB,GO,,Supermarkets & grocery,2024-01-29,Tesco response to Oxfam's analysis of supermarket HRIAs and commitments,Europe: Oxfam Intl. release analysis of supermarket impact assessments & commitments; incl. cos. responses,Human Rights and Environmental Due Diligence (HREDD)|Impact Assessment|Purchasing practices|Supply Chains|UN Guiding Principles on Business & Human Rights (UNGPs),Yes,Tesco,https://www.business-humanrights.org/en/latest-news/tesco-response-to-oxfams-analysis-of-supermarket-hrias-and-commitments/,https://www.business-humanrights.org/en/companies/tesco/
Morrisons,Supermarkets & grocery,GB,GO,,Supermarkets & grocery,2024-01-22,Morrisons response to Oxfam's analysis of supermarket HRIAs and commitments,Europe: Oxfam Intl. release analysis of supermarket impact assessments & commitments; incl. cos. responses,Human Rights and Environmental Due Diligence (HREDD)|Impact Assessment|Purchasing practices|Supply Chains|UN Guiding Principles on Business & Human Rights (UNGPs),Yes,Morrisons,https://www.business-humanrights.org/en/latest-news/morrisons-response-to-oxfams-analysis-of-supermarket-hrias-and-commitments/,https://www.business-humanrights.org/en/companies/morrisons/
Sainsbury's,Clothing & textile|Supermarkets & grocery|Tea,GB,GO,,Supermarkets & grocery,2024-01-19,Sainsbury's response to Oxfam's analysis of supermarket HRIAs and commitments,Europe: Oxfam Intl. release analysis of supermarket impact assessments & commitments; incl. cos. responses,Human Rights and Environmental Due Diligence (HREDD)|Impact Assessment|Purchasing practices|Supply Chains|UN Guiding Principles on Business & Human Rights (UNGPs),Yes,Sainsbury's,https://www.business-humanrights.org/en/latest-news/sainsburys-response-to-oxfams-analysis-of-supermarket-hrias-and-commitments/,https://www.business-humanrights.org/en/companies/sainsburys/
Plus,Supermarkets & grocery,NL,GO,,Supermarkets & grocery,2024-01-29,Plus response to Oxfam's analysis of supermarket HRIAs and commitments,Europe: Oxfam Intl. release analysis of supermarket impact assessments & commitments; incl. cos. responses,Human Rights and Environmental Due Diligence (HREDD)|Impact Assessment|Purchasing practices|Supply Chains|UN Guiding Principles on Business & Human Rights (UNGPs),Yes,Plus,https://www.business-humanrights.org/en/latest-news/plus-non-response-to-oxfams-analysis-of-supermarket-hrias-and-commitments/,https://www.business-humanrights.org/en/companies/plus/
Lidl,Retail|Supermarkets & grocery,DE,GO,,Agriculture/food/beverage/tobacco/fishing: General|Agriculture & livestock|Food & beverage,2024-04-03,Lidl Germany's response re banana supply chain living wages,Lidl Germany and Sainsbury's 'sidestep' joint retailer approach on living wages,Freedom of Association|Labour Rights|Living Wage|Supply Chains|Workers/Employees,Yes,,https://www.business-humanrights.org/en/latest-news/lidl-germanys-response-re-banana-supply-chain-living-wages/,https://www.business-humanrights.org/en/companies/lidl/
Sainsbury's,Clothing & textile|Supermarkets & grocery|Tea,GB,GO,,Agriculture/food/beverage/tobacco/fishing: General|Agriculture & livestock|Food & beverage,2024-04-19,Sainsbury's response re banana supply chain living wages,Lidl Germany and Sainsbury's 'sidestep' joint retailer approach on living wages,Freedom of Association|Labour Rights|Living Wage|Supply Chains|Workers/Employees,Yes,,https://www.business-humanrights.org/en/latest-news/sainsburys-response-re-banana-supply-chain-living-wages/,https://www.business-humanrights.org/en/companies/sainsburys/
Bayer,Chemical: General,DE,DE|GO,,Agriculture & livestock|Pharmaceutical,2024-10-28,Bayer AG's response to concerns regarding lobbying worldwide,Global: Report accuses Bayer of worldwide lobbying for glyphosate market access and greenwashing; incl. co response,"Clean, Healthy & Sustainable Environment|Lawsuits & regulatory action|Personal Health",Yes,Bayer AG,https://www.business-humanrights.org/en/latest-news/bayer-ags-response-to-allegations-of-lobbying-worldwide/,https://www.business-humanrights.org/en/companies/bayer/
4C Services GmbH,"Auditing, consulting & accounting",DE,GO,Europe & Central Asia,Coffee,2025-03-17,"4C response to CSO calls for coffee sector to ""cease attacks"" on EUDR","EU: Coffee sector must ""cease...attacks"" of deforestation legislation amid ""harmful"" lobbying by coffee federations, says report; incl. cos. responses & non-responses",Deforestation|EU & European Parliament|European Union|Supply Chains,Yes,By 4C,https://www.business-humanrights.org/en/latest-news/4c-response-to-cso-calls-for-coffee-sector-to-cease-attacks-on-eudr/,https://www.business-humanrights.org/en/companies/4c-services-gmbh/
Dallmayr,Coffee|Food & beverage,DE,GO,Europe & Central Asia,Coffee,2025-03-17,"Dallmayr response to CSO calls for coffee sector to ""cease attacks"" on EUDR","EU: Coffee sector must ""cease...attacks"" of deforestation legislation amid ""harmful"" lobbying by coffee federations, says report; incl. cos. responses & non-responses",Deforestation|EU & European Parliament|European Union|Supply Chains,Yes,Dallmayr,https://www.business-humanrights.org/en/latest-news/dallmayr-response-to-cso-calls-for-coffee-sector-to-cease-attacks-on-eudr/,https://www.business-humanrights.org/en/companies/dallmayr/
Melitta Group,Coffee|Food & beverage,DE,GO,Europe & Central Asia,Coffee,2025-03-17,"Melitta response to CSO calls for coffee sector to ""cease attacks"" on EUDR","EU: Coffee sector must ""cease...attacks"" of deforestation legislation amid ""harmful"" lobbying by coffee federations, says report; incl. cos. responses & non-responses",Deforestation|EU & European Parliament|European Union|Supply Chains,Yes,Melitta,https://www.business-humanrights.org/en/latest-news/melitta-response-to-cso-calls-for-coffee-sector-to-cease-attacks-on-eudr/,https://www.business-humanrights.org/en/companies/melitta-group/
Segafredo Zanetti,Coffee|Food & beverage,IT,GO,Europe & Central Asia,Coffee,2025-03-17,"Segafredo non-response to CSO calls for coffee sector to ""cease attacks"" on EUDR","EU: Coffee sector must ""cease...attacks"" of deforestation legislation amid ""harmful"" lobbying by coffee federations, says report; incl. cos. responses & non-responses",Deforestation|Legislative developments|Supply Chains,No,Segafredo,https://www.business-humanrights.org/en/latest-news/segafredo-non-response-to-cso-calls-for-coffee-sector-to-cease-attacks-on-eudr/,https://www.business-humanrights.org/en/companies/segafredo-zanetti/
Ecom Agroindustrial,Agriculture/food/beverage/tobacco/fishing: General,CH,GO,,Coffee,2025-03-17,"ECOM non-response to CSO calls for coffee sector to ""cease attacks"" on EUDR","EU: Coffee sector must ""cease...attacks"" of deforestation legislation amid ""harmful"" lobbying by coffee federations, says report; incl. cos. responses & non-responses",Deforestation|Legislative developments|Supply Chains,No,ECOM,https://www.business-humanrights.org/en/latest-news/ecom-non-response-to-cso-calls-for-coffee-sector-to-cease-attacks-on-eudr/,https://www.business-humanrights.org/en/companies/ecom-agroindustrial/
Illycaffè,Coffee|Food & beverage,IT,GO,Europe & Central Asia,Coffee,2025-03-17,"Illycaffè response to CSO calls for coffee sector to ""cease attacks"" on EUDR","EU: Coffee sector must ""cease...attacks"" of deforestation legislation amid ""harmful"" lobbying by coffee federations, says report; incl. cos. responses & non-responses",Deforestation|Legislative developments|Supply Chains,Yes,Illycaffè,https://www.business-humanrights.org/en/latest-news/illycaffè-response-to-cso-calls-for-coffee-sector-to-cease-attacks-on-eudr/,https://www.business-humanrights.org/en/companies/illycaffè/
Lavazza,Coffee|Tea,IT,GO,,Coffee,2025-03-17,"Lavazza response to CSO calls for coffee sector to ""cease attacks"" on EUDR","EU: Coffee sector must ""cease...attacks"" of deforestation legislation amid ""harmful"" lobbying by coffee federations, says report; incl. cos. responses & non-responses",Deforestation|Legislative developments|Supply Chains,Yes,By Lavazza,https://www.business-humanrights.org/en/latest-news/lavazza-response-to-cso-calls-for-coffee-sector-to-cease-attacks-on-eudr/,https://www.business-humanrights.org/en/companies/lavazza/
Nestlé,Food & beverage,CH,GO,Europe & Central Asia,Coffee,2025-03-17,"Nestlé response to CSO calls for coffee sector to ""cease attacks"" on EUDR","EU: Coffee sector must ""cease...attacks"" of deforestation legislation amid ""harmful"" lobbying by coffee federations, says report; incl. cos. responses & non-responses",Deforestation|Legislative developments|Supply Chains,Yes,Nestlé,https://www.business-humanrights.org/en/latest-news/nestlé-response-to-cso-calls-for-coffee-sector-to-cease-attacks-on-eudr/,https://www.business-humanrights.org/en/companies/nestlé/
Starbucks,Coffee|Restaurants & bars,US,GO,Europe & Central Asia,Coffee,2025-03-17,"Starbucks non-response to CSO calls for coffee sector to ""cease attacks"" on EUDR","EU: Coffee sector must ""cease...attacks"" of deforestation legislation amid ""harmful"" lobbying by coffee federations, says report; incl. cos. responses & non-responses",Deforestation|Legislative developments|Supply Chains,No,Starbucks,https://www.business-humanrights.org/en/latest-news/starbucks-non-response-to-cso-calls-for-coffee-sector-to-cease-attacks-on-eudr/,https://www.business-humanrights.org/en/companies/starbucks/
Tchibo (part of Maxingvest),Clothing & textile|Retail,DE,GO,Europe & Central Asia,Coffee,2025-03-14,"Tchibo response to CSO calls for coffee sector to ""cease attacks"" on EUDR","EU: Coffee sector must ""cease...attacks"" of deforestation legislation amid ""harmful"" lobbying by coffee federations, says report; incl. cos. responses & non-responses",Deforestation|Legislative developments|Supply Chains,Yes,Tchibo,https://www.business-humanrights.org/en/latest-news/tchibo-response-to-cso-calls-for-coffee-sector-to-cease-attacks-on-eudr/,https://www.business-humanrights.org/en/companies/tchibo/
Jacobs Douwe Egberts,Coffee|Tea,NL,GO,Europe & Central Asia,Coffee,2025-03-17,"JDE Peet's response to CSO calls for coffee sector to ""cease attacks"" on EUDR","EU: Coffee sector must ""cease...attacks"" of deforestation legislation amid ""harmful"" lobbying by coffee federations, says report; incl. cos. responses & non-responses",Deforestation|Legislative developments|Supply Chains,Yes,JDE Peet's,https://www.business-humanrights.org/en/latest-news/jde-peets-response-to-cso-calls-for-coffee-sector-to-cease-attacks-on-eudr/,https://www.business-humanrights.org/en/companies/jacobs-douwe-egberts/
Olam,Food & beverage,SG,GO,Europe & Central Asia,Coffee,2025-03-17,"Olam response to CSO calls for coffee sector to ""cease attacks"" on EUDR","EU: Coffee sector must ""cease...attacks"" of deforestation legislation amid ""harmful"" lobbying by coffee federations, says report; incl. cos. responses & non-responses",Deforestation|Legislative developments|Supply Chains,Yes,Olam,https://www.business-humanrights.org/en/latest-news/olam-response-to-cso-calls-for-coffee-sector-to-cease-attacks-on-eudr/,https://www.business-humanrights.org/en/companies/olam/
Louis Dreyfus,Agriculture & livestock,FR,GO,Europe & Central Asia,Coffee,2025-03-14,"Louis Dreyfus response to CSO calls for coffee sector to ""cease attacks"" on EUDR","EU: Coffee sector must ""cease...attacks"" of deforestation legislation amid ""harmful"" lobbying by coffee federations, says report; incl. cos. responses & non-responses",Deforestation|Legislative developments|Supply Chains,Yes,Louis Dreyfus,https://www.business-humanrights.org/en/latest-news/louis-dreyfus-response-to-cso-calls-for-coffee-sector-to-cease-attacks-on-eudr/,https://www.business-humanrights.org/en/companies/louis-dreyfus/
Touton,Food & beverage,FR,GO,Europe & Central Asia,Coffee,2025-03-17,"Touton non-response to CSO calls for coffee sector to ""cease attacks"" on EUDR","EU: Coffee sector must ""cease...attacks"" of deforestation legislation amid ""harmful"" lobbying by coffee federations, says report; incl. cos. responses & non-responses",Deforestation|Legislative developments|Supply Chains,No,Touton,https://www.business-humanrights.org/en/latest-news/touton-non-response-to-cso-calls-for-coffee-sector-to-cease-attacks-on-eudr/,https://www.business-humanrights.org/en/companies/touton/
Neumann Kaffee Gruppe,Coffee,DE,GO,Europe & Central Asia,Coffee,2025-03-13,"Neumann Kaffee Gruppe response to CSO calls for coffee sector to ""cease attacks"" on EUDR","EU: Coffee sector must ""cease...attacks"" of deforestation legislation amid ""harmful"" lobbying by coffee federations, says report; incl. cos. responses & non-responses",Deforestation|Legislative developments|Supply Chains,Yes,Neumann Kaffee Gruppe,https://www.business-humanrights.org/en/latest-news/neumann-kaffee-gruppe-response-to-cso-calls-for-coffee-sector-to-cease-attacks-on-eudr/,https://www.business-humanrights.org/en/companies/neumann-kaffee-gruppe/
